# Distance / pm;  g(r);  Integral
0.5000000000;  0.000000000;  0.000000000
1.500000000;  0.000000000;  0.000000000
2.500000000;  0.000000000;  0.000000000
3.500000000;  0.000000000;  0.000000000
4.500000000;  0.000000000;  0.000000000
5.500000000;  0.000000000;  0.000000000
6.500000000;  0.000000000;  0.000000000
7.500000000;  0.000000000;  0.000000000
8.500000000;  0.000000000;  0.000000000
9.500000000;  0.000000000;  0.000000000
10.50000000;  0.000000000;  0.000000000
11.50000000;  0.000000000;  0.000000000
12.50000000;  0.000000000;  0.000000000
13.50000000;  0.000000000;  0.000000000
14.50000000;  0.000000000;  0.000000000
15.50000000;  0.000000000;  0.000000000
16.50000000;  0.000000000;  0.000000000
17.50000000;  0.000000000;  0.000000000
18.50000000;  0.000000000;  0.000000000
19.50000000;  0.000000000;  0.000000000
20.50000000;  0.000000000;  0.000000000
21.50000000;  0.000000000;  0.000000000
22.50000000;  0.000000000;  0.000000000
23.50000000;  0.000000000;  0.000000000
24.50000000;  0.000000000;  0.000000000
25.50000000;  0.000000000;  0.000000000
26.50000000;  0.000000000;  0.000000000
27.50000000;  0.000000000;  0.000000000
28.50000000;  0.000000000;  0.000000000
29.50000000;  0.000000000;  0.000000000
30.50000000;  0.000000000;  0.000000000
31.50000000;  0.000000000;  0.000000000
32.50000000;  0.000000000;  0.000000000
33.50000000;  0.000000000;  0.000000000
34.50000000;  0.000000000;  0.000000000
35.50000000;  0.000000000;  0.000000000
36.50000000;  0.000000000;  0.000000000
37.50000000;  0.000000000;  0.000000000
38.50000000;  0.000000000;  0.000000000
39.50000000;  0.000000000;  0.000000000
40.50000000;  0.000000000;  0.000000000
41.50000000;  0.000000000;  0.000000000
42.50000000;  0.000000000;  0.000000000
43.50000000;  0.000000000;  0.000000000
44.50000000;  0.000000000;  0.000000000
45.50000000;  0.000000000;  0.000000000
46.50000000;  0.000000000;  0.000000000
47.50000000;  0.000000000;  0.000000000
48.50000000;  0.000000000;  0.000000000
49.50000000;  0.000000000;  0.000000000
50.50000000;  0.000000000;  0.000000000
51.50000000;  0.000000000;  0.000000000
52.50000000;  0.000000000;  0.000000000
53.50000000;  0.000000000;  0.000000000
54.50000000;  0.000000000;  0.000000000
55.50000000;  0.000000000;  0.000000000
56.50000000;  0.000000000;  0.000000000
57.50000000;  0.000000000;  0.000000000
58.50000000;  0.000000000;  0.000000000
59.50000000;  0.000000000;  0.000000000
60.50000000;  0.000000000;  0.000000000
61.50000000;  0.000000000;  0.000000000
62.50000000;  0.000000000;  0.000000000
63.50000000;  0.000000000;  0.000000000
64.50000000;  0.000000000;  0.000000000
65.50000000;  0.000000000;  0.000000000
66.50000000;  0.000000000;  0.000000000
67.50000000;  0.000000000;  0.000000000
68.50000000;  0.000000000;  0.000000000
69.50000000;  0.000000000;  0.000000000
70.50000000;  0.000000000;  0.000000000
71.50000000;  0.000000000;  0.000000000
72.50000000;  0.000000000;  0.000000000
73.50000000;  0.000000000;  0.000000000
74.50000000;  0.000000000;  0.000000000
75.50000000;  0.000000000;  0.000000000
76.50000000;  0.000000000;  0.000000000
77.50000000;  0.000000000;  0.000000000
78.50000000;  0.000000000;  0.000000000
79.50000000;  0.000000000;  0.000000000
80.50000000;  0.000000000;  0.000000000
81.50000000;  0.000000000;  0.000000000
82.50000000;  0.000000000;  0.000000000
83.50000000;  0.000000000;  0.000000000
84.50000000;  0.000000000;  0.000000000
85.50000000;  0.000000000;  0.000000000
86.50000000;  0.000000000;  0.000000000
87.50000000;  0.000000000;  0.000000000
88.50000000;  1.186694497E-05;  1.588214567E-08
89.50000000;  0.0001074387192;  1.629407687E-07
90.50000000;  0.0005644078155;  9.528436182E-07
91.50000000;  0.002263977625;  4.191745006E-06
92.50000000;  0.008836620016;  1.711146079E-05
93.50000000;  0.02768851029;  5.847388994E-05
94.50000000;  0.06890181660;  0.0001636161786
95.50000000;  0.1537088230;  0.0004031619963
96.50000000;  0.2944703299;  0.0008717370249
97.50000000;  0.5035146817;  0.001689644658
98.50000000;  0.7601442084;  0.002949878873
99.50000000;  1.045771101;  0.004719032461
100.5000000;  1.291387268;  0.006947833448
101.5000000;  1.470342264;  0.009536243769
102.5000000;  1.563177038;  0.01234257175
103.5000000;  1.548976594;  0.01517793051
104.5000000;  1.461291031;  0.01790472055
105.5000000;  1.324272023;  0.02042335105
106.5000000;  1.154320657;  0.02266056727
107.5000000;  0.9811609817;  0.02459805702
108.5000000;  0.8148092039;  0.02623712724
109.5000000;  0.6631921472;  0.02759590903
110.5000000;  0.5457526727;  0.02873459108
111.5000000;  0.4386580844;  0.02966646652
112.5000000;  0.3541959634;  0.03043246975
113.5000000;  0.2873656329;  0.03106503953
114.5000000;  0.2386092855;  0.03159957947
115.5000000;  0.1989826563;  0.03205316688
116.5000000;  0.1656599136;  0.03243736128
117.5000000;  0.1426069850;  0.03277379401
118.5000000;  0.1238171405;  0.03307089160
119.5000000;  0.1088455273;  0.03333649157
120.5000000;  0.09754827200;  0.03357852494
121.5000000;  0.08958531021;  0.03380450540
122.5000000;  0.08364522439;  0.03401898936
123.5000000;  0.07733787343;  0.03422055087
124.5000000;  0.07206280856;  0.03441141807
125.5000000;  0.06765827266;  0.03459350960
126.5000000;  0.06519509057;  0.03477177920
127.5000000;  0.06426861334;  0.03495030485
128.5000000;  0.06293462737;  0.03512787795
129.5000000;  0.06141523930;  0.03530387158
130.5000000;  0.06150762106;  0.03548286256
131.5000000;  0.06185126932;  0.03566562263
132.5000000;  0.06165023658;  0.03585056978
133.5000000;  0.06238119177;  0.03604054516
134.5000000;  0.06288860580;  0.03623494576
135.5000000;  0.06428406423;  0.03643662583
136.5000000;  0.06632863833;  0.03664780322
137.5000000;  0.06809678179;  0.03686779830
138.5000000;  0.07160683117;  0.03710251013
139.5000000;  0.07332469304;  0.03734633590
140.5000000;  0.07604340201;  0.03760284047
141.5000000;  0.07921012976;  0.03787384372
142.5000000;  0.08269328750;  0.03816077696
143.5000000;  0.08753487454;  0.03846878762
144.5000000;  0.09158044542;  0.03879554038
145.5000000;  0.09701540486;  0.03914649219
146.5000000;  0.1022419065;  0.03952145220
147.5000000;  0.1093253619;  0.03992788216
148.5000000;  0.1192727035;  0.04037732524
149.5000000;  0.1255815352;  0.04085693595
150.5000000;  0.1357444385;  0.04138231860
151.5000000;  0.1463688149;  0.04195637490
152.5000000;  0.1577067991;  0.04258309084
153.5000000;  0.1717562914;  0.04327461927
154.5000000;  0.1856238377;  0.04403175077
155.5000000;  0.1977650431;  0.04484888028
156.5000000;  0.2150863544;  0.04574904524
157.5000000;  0.2311765971;  0.04672895374
158.5000000;  0.2464471995;  0.04778689839
159.5000000;  0.2629250884;  0.04892986597
160.5000000;  0.2817627034;  0.05017012977
161.5000000;  0.2967354182;  0.05149262743
162.5000000;  0.3172225986;  0.05292399543
163.5000000;  0.3326369300;  0.05444344544
164.5000000;  0.3482209371;  0.05605359829
165.5000000;  0.3626877033;  0.05775109614
166.5000000;  0.3763159642;  0.05953372736
167.5000000;  0.3869143481;  0.06138864586
168.5000000;  0.3987221555;  0.06332306481
169.5000000;  0.4094854625;  0.06533335261
170.5000000;  0.4157538652;  0.06739856818
171.5000000;  0.4219746951;  0.06951934502
172.5000000;  0.4260985859;  0.07168589441
173.5000000;  0.4286890854;  0.07389096080
174.5000000;  0.4314411477;  0.07613583857
175.5000000;  0.4314991308;  0.07840682441
176.5000000;  0.4285539262;  0.08068808629
177.5000000;  0.4269339848;  0.08298655012
178.5000000;  0.4241175201;  0.08529565083
179.5000000;  0.4201768720;  0.08760900037
180.5000000;  0.4195616799;  0.08994477223
181.5000000;  0.4179202322;  0.09229725710
182.5000000;  0.4185700316;  0.09467943417
183.5000000;  0.4131296535;  0.09705648607
184.5000000;  0.4183025153;  0.09948960515
185.5000000;  0.4206829047;  0.1019631673
186.5000000;  0.4277454693;  0.1045054463
187.5000000;  0.4375992634;  0.1071342566
188.5000000;  0.4498027230;  0.1098652767
189.5000000;  0.4650113921;  0.1127186731
190.5000000;  0.4784601804;  0.1156856615
191.5000000;  0.4927421458;  0.1187733774
192.5000000;  0.5086644317;  0.1219942452
193.5000000;  0.5235130330;  0.1253436642
194.5000000;  0.5338296389;  0.1287944813
195.5000000;  0.5385535548;  0.1323117249
196.5000000;  0.5394956455;  0.1358712583
197.5000000;  0.5339658882;  0.1394302562
198.5000000;  0.5278037724;  0.1429838969
199.5000000;  0.5129113784;  0.1464721511
200.5000000;  0.4941376159;  0.1498665014
201.5000000;  0.4712721746;  0.1531361559
202.5000000;  0.4470161083;  0.1562683827
203.5000000;  0.4215461910;  0.1592513875
204.5000000;  0.3972829067;  0.1620903945
205.5000000;  0.3727948989;  0.1647805262
206.5000000;  0.3486662701;  0.1673210893
207.5000000;  0.3276523146;  0.1697317127
208.5000000;  0.3094925528;  0.1720307300
209.5000000;  0.2926770609;  0.1742257407
210.5000000;  0.2779592092;  0.1763303194
211.5000000;  0.2658266138;  0.1783622043
212.5000000;  0.2556351667;  0.1803347104
213.5000000;  0.2471256934;  0.1822595455
214.5000000;  0.2435002626;  0.1841739509
215.5000000;  0.2401134811;  0.1860793719
216.5000000;  0.2371212984;  0.1879785523
217.5000000;  0.2386111049;  0.1899073604
218.5000000;  0.2391208921;  0.1918581043
219.5000000;  0.2417088785;  0.1938480512
220.5000000;  0.2453821437;  0.1958866885
221.5000000;  0.2522199539;  0.1980011838
222.5000000;  0.2570222012;  0.2001754389
223.5000000;  0.2641327683;  0.2024299747
224.5000000;  0.2718317373;  0.2047710353
225.5000000;  0.2808480306;  0.2072113412
226.5000000;  0.2908421276;  0.2097609498
227.5000000;  0.3005980627;  0.2124194014
228.5000000;  0.3125647672;  0.2152080399
229.5000000;  0.3237231341;  0.2181215658
230.5000000;  0.3369107197;  0.2211802628
231.5000000;  0.3505875471;  0.2243908039
232.5000000;  0.3624614814;  0.2277388199
233.5000000;  0.3751022968;  0.2312334664
234.5000000;  0.3881484160;  0.2348806972
235.5000000;  0.4015554071;  0.2386861561
236.5000000;  0.4137946484;  0.2426409777
237.5000000;  0.4266304076;  0.2467530312
238.5000000;  0.4390956480;  0.2510209448
239.5000000;  0.4509981621;  0.2554413851
240.5000000;  0.4598940566;  0.2599867386
241.5000000;  0.4713483501;  0.2646841215
242.5000000;  0.4799945619;  0.2695073685
243.5000000;  0.4896055331;  0.2744678513
244.5000000;  0.4989375101;  0.2795644868
245.5000000;  0.5061394464;  0.2847770683
246.5000000;  0.5111633254;  0.2900843631
247.5000000;  0.5197568486;  0.2955247565
248.5000000;  0.5259188356;  0.3010742223
249.5000000;  0.5318330213;  0.3067313511
250.5000000;  0.5364231647;  0.3124831361
251.5000000;  0.5416795265;  0.3183377473
252.5000000;  0.5464716459;  0.3242912157
253.5000000;  0.5488271746;  0.3303177992
254.5000000;  0.5530403498;  0.3364386534
255.5000000;  0.5583476398;  0.3426669048
256.5000000;  0.5594345549;  0.3489562244
257.5000000;  0.5636064266;  0.3553419467
258.5000000;  0.5653076536;  0.3617967883
259.5000000;  0.5685451518;  0.3683389203
260.5000000;  0.5703278979;  0.3749522427
261.5000000;  0.5733712302;  0.3816519973
262.5000000;  0.5753858615;  0.3884268118
263.5000000;  0.5771690704;  0.3952744987
264.5000000;  0.5805378835;  0.4022145315
265.5000000;  0.5854500155;  0.4092663069
266.5000000;  0.5870671450;  0.4163909284
267.5000000;  0.5892512120;  0.4235958232
268.5000000;  0.5918901957;  0.4308871962
269.5000000;  0.5947029044;  0.4382678898
270.5000000;  0.6017620679;  0.4457917190
271.5000000;  0.6026747855;  0.4533827762
272.5000000;  0.6057969856;  0.4610694720
273.5000000;  0.6086842307;  0.4688495917
274.5000000;  0.6139891922;  0.4767550125
275.5000000;  0.6161115968;  0.4847456633
276.5000000;  0.6222160200;  0.4928741746
277.5000000;  0.6268406691;  0.5011224413
278.5000000;  0.6302814432;  0.5094758643
279.5000000;  0.6322847364;  0.5179161251
280.5000000;  0.6392316473;  0.5265102873
281.5000000;  0.6447123493;  0.5352400478
282.5000000;  0.6501558898;  0.5441061747
283.5000000;  0.6571934794;  0.5531318334
284.5000000;  0.6618204256;  0.5622852713
285.5000000;  0.6670054343;  0.5715753870
286.5000000;  0.6751509916;  0.5810449446
287.5000000;  0.6819538219;  0.5906768052
288.5000000;  0.6875860719;  0.6004558903
289.5000000;  0.6946619651;  0.6104042200
290.5000000;  0.7025807580;  0.6205355868
291.5000000;  0.7089328155;  0.6308290546
292.5000000;  0.7157045342;  0.6412922664
293.5000000;  0.7243331871;  0.6519541540
294.5000000;  0.7322070776;  0.6628055102
295.5000000;  0.7416561027;  0.6738716728
296.5000000;  0.7515667454;  0.6851617379
297.5000000;  0.7575998255;  0.6966193285
298.5000000;  0.7649727421;  0.7082663297
299.5000000;  0.7746863073;  0.7201403837
300.5000000;  0.7825366400;  0.7322149939
301.5000000;  0.7924365492;  0.7445238761
302.5000000;  0.8022545526;  0.7570680604
303.5000000;  0.8110530802;  0.7698338049
304.5000000;  0.8220079805;  0.7828573765
305.5000000;  0.8310798646;  0.7961113062
306.5000000;  0.8395023938;  0.8095873485
307.5000000;  0.8461652763;  0.8232591236
308.5000000;  0.8551429513;  0.8371659657
309.5000000;  0.8622557122;  0.8512795346
310.5000000;  0.8651435617;  0.8655320280
311.5000000;  0.8700902453;  0.8799584908
312.5000000;  0.8753053672;  0.8945647529
313.5000000;  0.8801225696;  0.9093455448
314.5000000;  0.8859653159;  0.9243195324
315.5000000;  0.8896459336;  0.9394514990
316.5000000;  0.8924469822;  0.9547274866
317.5000000;  0.8968999634;  0.9701768614
318.5000000;  0.9016982209;  0.9858068812
319.5000000;  0.9058276889;  1.001607233
320.5000000;  0.9135071218;  1.017641438
321.5000000;  0.9199404529;  1.033889483
322.5000000;  0.9245072933;  1.050319924
323.5000000;  0.9307868978;  1.066964711
324.5000000;  0.9386385726;  1.083853840
325.5000000;  0.9432433901;  1.100930588
326.5000000;  0.9461207285;  1.118164837
327.5000000;  0.9489622554;  1.135556894
328.5000000;  0.9517885460;  1.153107441
329.5000000;  0.9510639458;  1.170751560
330.5000000;  0.9527877858;  1.188535112
331.5000000;  0.9535845502;  1.206441405
332.5000000;  0.9529482369;  1.224443872
333.5000000;  0.9484040020;  1.242468423
334.5000000;  0.9476264638;  1.260586364
335.5000000;  0.9449592487;  1.278761494
336.5000000;  0.9419675443;  1.296987247
337.5000000;  0.9413910168;  1.315310265
338.5000000;  0.9398995044;  1.333712822
339.5000000;  0.9405286915;  1.352236661
340.5000000;  0.9400696307;  1.370860691
341.5000000;  0.9430468832;  1.389653604
342.5000000;  0.9440607274;  1.408577061
343.5000000;  0.9461595639;  1.427653497
344.5000000;  0.9494431944;  1.446907757
345.5000000;  0.9514865807;  1.466315640
346.5000000;  0.9555631788;  1.485919666
347.5000000;  0.9608094831;  1.505745263
348.5000000;  0.9610279137;  1.525689662
349.5000000;  0.9676388198;  1.545886669
350.5000000;  0.9726688034;  1.566305008
351.5000000;  0.9770131474;  1.586931741
352.5000000;  0.9786424222;  1.607710598
353.5000000;  0.9846700525;  1.628736225
354.5000000;  0.9897038544;  1.649989072
355.5000000;  0.9941264124;  1.671457497
356.5000000;  0.9985836802;  1.693143669
357.5000000;  1.002189478;  1.715030420
358.5000000;  1.008218819;  1.737172198
359.5000000;  1.009960368;  1.759476133
360.5000000;  1.012086042;  1.781951528
361.5000000;  1.019641726;  1.804720507
362.5000000;  1.023209367;  1.827695738
363.5000000;  1.026804753;  1.850879081
364.5000000;  1.029852475;  1.874259347
365.5000000;  1.031704000;  1.897810340
366.5000000;  1.034369002;  1.921551548
367.5000000;  1.039831694;  1.945548556
368.5000000;  1.042413185;  1.969736237
369.5000000;  1.047664655;  1.994177887
370.5000000;  1.048040974;  2.018760839
371.5000000;  1.052283305;  2.043576718
372.5000000;  1.058566642;  2.068675353
373.5000000;  1.060541261;  2.093955997
374.5000000;  1.062643366;  2.119422571
375.5000000;  1.066975473;  2.145129705
376.5000000;  1.068807802;  2.171018325
377.5000000;  1.072248568;  2.197128437
378.5000000;  1.074796105;  2.223439427
379.5000000;  1.078415833;  2.249978708
380.5000000;  1.080536640;  2.276710505
381.5000000;  1.082035726;  2.303620277
382.5000000;  1.084731727;  2.330738707
383.5000000;  1.087677451;  2.358073148
384.5000000;  1.091561038;  2.385648435
385.5000000;  1.093209653;  2.413409208
386.5000000;  1.094130465;  2.441337697
387.5000000;  1.097656501;  2.469501363
388.5000000;  1.099721100;  2.497863825
389.5000000;  1.101947047;  2.526430190
390.5000000;  1.104192375;  2.555201931
391.5000000;  1.105954739;  2.584167376
392.5000000;  1.108541508;  2.613349076
393.5000000;  1.109743714;  2.642711472
394.5000000;  1.110722442;  2.672249322
395.5000000;  1.111062521;  2.701946200
396.5000000;  1.114361226;  2.731882056
397.5000000;  1.114117876;  2.761962533
398.5000000;  1.114787940;  2.792212732
399.5000000;  1.115740699;  2.822640924
400.5000000;  1.115832673;  2.853224159
401.5000000;  1.117898553;  2.884017216
402.5000000;  1.119153648;  2.914998598
403.5000000;  1.118234375;  2.946108542
404.5000000;  1.117964090;  2.977365320
405.5000000;  1.115198533;  3.008699131
406.5000000;  1.117415878;  3.040250284
407.5000000;  1.116147882;  3.071920882
408.5000000;  1.110302994;  3.103580447
409.5000000;  1.108216663;  3.135335423
410.5000000;  1.106084273;  3.167184279
411.5000000;  1.102226022;  3.199076858
412.5000000;  1.097909128;  3.230999115
413.5000000;  1.095287962;  3.262999753
414.5000000;  1.090382131;  3.295011332
415.5000000;  1.086874175;  3.327074071
416.5000000;  1.083937331;  3.359204275
417.5000000;  1.079844968;  3.391367060
418.5000000;  1.074443755;  3.423522459
419.5000000;  1.071458970;  3.455741957
420.5000000;  1.064990327;  3.487919802
421.5000000;  1.060066542;  3.520101398
422.5000000;  1.057698767;  3.552363652
423.5000000;  1.055405739;  3.584708534
424.5000000;  1.052404925;  3.617113946
425.5000000;  1.047127063;  3.649508932
426.5000000;  1.044383163;  3.681971077
427.5000000;  1.042153890;  3.714516009
428.5000000;  1.040239860;  3.747153324
429.5000000;  1.036399938;  3.779822110
430.5000000;  1.033055450;  3.812537284
431.5000000;  1.029853808;  3.845302758
432.5000000;  1.028898982;  3.878189756
433.5000000;  1.027500459;  3.911184101
434.5000000;  1.025398728;  3.944263043
435.5000000;  1.023923545;  3.977446614
436.5000000;  1.022649979;  4.010741290
437.5000000;  1.020061926;  4.044104046
438.5000000;  1.018555799;  4.077570006
439.5000000;  1.016379649;  4.111116953
440.5000000;  1.015251222;  4.144779317
441.5000000;  1.013504362;  4.178536509
442.5000000;  1.012169133;  4.212402119
443.5000000;  1.011386481;  4.246394662
444.5000000;  1.010168469;  4.280499549
445.5000000;  1.010457161;  4.314767851
446.5000000;  1.007775725;  4.349098822
447.5000000;  1.007470666;  4.383573304
448.5000000;  1.006961473;  4.418184533
449.5000000;  1.006960965;  4.452950258
450.5000000;  1.004609105;  4.487789280
451.5000000;  1.004288253;  4.522771967
452.5000000;  1.003467874;  4.557881083
453.5000000;  1.003219629;  4.593136826
454.5000000;  1.002824527;  4.628534276
455.5000000;  1.001235282;  4.664031318
456.5000000;  1.001137110;  4.699680895
457.5000000;  0.9996695047;  4.735434341
458.5000000;  0.9999327958;  4.771353714
459.5000000;  0.9994900020;  4.807413964
460.5000000;  0.9999164029;  4.843646791
461.5000000;  0.9993969359;  4.880018246
462.5000000;  0.9987360009;  4.916523337
463.5000000;  0.9975182890;  4.953141757
464.5000000;  0.9974042297;  4.989914150
465.5000000;  0.9972681813;  5.026840007
466.5000000;  0.9963457390;  5.063890383
467.5000000;  0.9938223537;  5.101005534
468.5000000;  0.9949048340;  5.138320237
469.5000000;  0.9962805839;  5.175846222
470.5000000;  0.9942022474;  5.213453617
471.5000000;  0.9948144050;  5.251244297
472.5000000;  0.9938636531;  5.289159176
473.5000000;  0.9937880054;  5.327231814
474.5000000;  0.9945127626;  5.365493318
475.5000000;  0.9942299626;  5.403905337
476.5000000;  0.9953458103;  5.442522382
477.5000000;  0.9943655676;  5.481263494
478.5000000;  0.9949808585;  5.520191114
479.5000000;  0.9940816327;  5.559246282
480.5000000;  0.9940739495;  5.598464217
481.5000000;  0.9934640302;  5.637821396
482.5000000;  0.9940199857;  5.677364340
483.5000000;  0.9936926156;  5.717058284
484.5000000;  0.9941026827;  5.756933041
485.5000000;  0.9933592071;  5.796942624
486.5000000;  0.9949642864;  5.837182110
487.5000000;  0.9949146854;  5.877585175
488.5000000;  0.9948583810;  5.918151871
489.5000000;  0.9944300825;  5.958867288
490.5000000;  0.9962906212;  5.999825717
491.5000000;  0.9958780337;  6.040934293
492.5000000;  0.9965227026;  6.082237037
493.5000000;  0.9973661219;  6.123742777
494.5000000;  0.9972749724;  6.165413088
495.5000000;  0.9981743556;  6.207289837
496.5000000;  0.9978254184;  6.249321086
497.5000000;  0.9983804838;  6.291545291
498.5000000;  0.9984975103;  6.333944382
499.5000000;  0.9987902511;  6.376526230
500.5000000;  0.9990705715;  6.419290746
501.5000000;  0.9997598185;  6.462255941
502.5000000;  1.000420420;  6.505421155
503.5000000;  1.000013320;  6.548740708
504.5000000;  0.9999129549;  6.592228140
505.5000000;  1.000315486;  6.635905717
506.5000000;  1.001899443;  6.679825710
507.5000000;  1.002154158;  6.723930509
508.5000000;  1.002616755;  6.768229731
509.5000000;  1.004186207;  6.812772976
510.5000000;  1.004086543;  6.857486805
511.5000000;  1.005301191;  6.902430285
512.5000000;  1.006824012;  6.947618015
513.5000000;  1.005979950;  6.992944229
514.5000000;  1.006062179;  7.038450872
515.5000000;  1.006397035;  7.084149789
516.5000000;  1.008113227;  7.130104410
517.5000000;  1.008505755;  7.176255111
518.5000000;  1.008751910;  7.222595653
519.5000000;  1.009371961;  7.269143711
520.5000000;  1.007359836;  7.315777995
521.5000000;  1.008279884;  7.362634398
522.5000000;  1.008918585;  7.409700467
523.5000000;  1.010199639;  7.457006856
524.5000000;  1.009392709;  7.504456217
525.5000000;  1.009421334;  7.552088032
526.5000000;  1.010292493;  7.599942566
527.5000000;  1.009325186;  7.647933064
528.5000000;  1.008551082;  7.696068742
529.5000000;  1.008341433;  7.744376708
530.5000000;  1.008296127;  7.792865135
531.5000000;  1.009810175;  7.841609620
532.5000000;  1.009501309;  7.890522735
533.5000000;  1.009440835;  7.939616793
534.5000000;  1.009008083;  7.988873943
535.5000000;  1.007328019;  8.038233252
536.5000000;  1.007279793;  8.087774710
537.5000000;  1.007663412;  8.137519962
538.5000000;  1.007405793;  8.187437720
539.5000000;  1.005901821;  8.237466245
540.5000000;  1.005298686;  8.287650297
541.5000000;  1.004503807;  8.337980388
542.5000000;  1.004346470;  8.388488630
543.5000000;  1.003110189;  8.439120847
544.5000000;  1.004068058;  8.489988081
545.5000000;  1.001389411;  8.540906125
546.5000000;  1.001056616;  8.591994040
547.5000000;  1.001160165;  8.643274394
548.5000000;  0.9997571726;  8.694670119
549.5000000;  0.9995177702;  8.746241067
550.5000000;  0.9983637128;  8.797940126
551.5000000;  0.9984115972;  8.849829670
552.5000000;  0.9965121538;  8.901808484
553.5000000;  0.9976520971;  8.954035303
554.5000000;  0.9954167283;  9.006333563
555.5000000;  0.9955880384;  9.058829658
556.5000000;  0.9937099203;  9.111415540
557.5000000;  0.9927261999;  9.164138335
558.5000000;  0.9937469523;  9.217104846
559.5000000;  0.9921441032;  9.270175463
560.5000000;  0.9927040979;  9.323466019
561.5000000;  0.9913786791;  9.376875492
562.5000000;  0.9902177862;  9.430412608
563.5000000;  0.9893202300;  9.484091548
564.5000000;  0.9890710940;  9.537947611
565.5000000;  0.9895983905;  9.592023466
566.5000000;  0.9874696168;  9.646174003
567.5000000;  0.9871241121;  9.700496871
568.5000000;  0.9872072220;  9.755015943
569.5000000;  0.9858303040;  9.809650675
570.5000000;  0.9859979496;  9.864486768
571.5000000;  0.9853307131;  9.919478030
572.5000000;  0.9847883433;  9.974631530
573.5000000;  0.9840838479;  10.02993828
574.5000000;  0.9839889239;  10.08543272
575.5000000;  0.9833964967;  10.14108699
576.5000000;  0.9831029549;  10.19691817
577.5000000;  0.9820502625;  10.25288322
578.5000000;  0.9820057691;  10.30903971
579.5000000;  0.9806937831;  10.36531523
580.5000000;  0.9819300692;  10.42185632
581.5000000;  0.9815071767;  10.47856795
582.5000000;  0.9795204049;  10.53535961
583.5000000;  0.9800851527;  10.59237928
584.5000000;  0.9806377788;  10.64962682
585.5000000;  0.9799858119;  10.70703222
586.5000000;  0.9780170570;  10.76451817
587.5000000;  0.9789890166;  10.82225763
588.5000000;  0.9785708260;  10.88016907
589.5000000;  0.9768190198;  10.93817347
590.5000000;  0.9776925730;  10.99642688
591.5000000;  0.9786924580;  11.05493753
592.5000000;  0.9780363303;  11.11360682
593.5000000;  0.9779723609;  11.17247048
594.5000000;  0.9772747727;  11.23149053
595.5000000;  0.9765311196;  11.29066424
596.5000000;  0.9764232406;  11.35003029
597.5000000;  0.9765244965;  11.40960174
598.5000000;  0.9758322788;  11.46933039
599.5000000;  0.9756361270;  11.52924675
600.5000000;  0.9756487035;  11.58936394
601.5000000;  0.9758644532;  11.64969486
602.5000000;  0.9746706635;  11.71015250
603.5000000;  0.9738085982;  11.77075734
604.5000000;  0.9751203471;  11.83164511
605.5000000;  0.9746653406;  11.89270598
606.5000000;  0.9738553822;  11.95391779
607.5000000;  0.9739572020;  12.01533805
608.5000000;  0.9747507963;  12.07701089
609.5000000;  0.9737729675;  12.13882453
610.5000000;  0.9731823122;  12.20080355
611.5000000;  0.9728756828;  12.26296619
612.5000000;  0.9723017436;  12.32529552
613.5000000;  0.9719799039;  12.38780784
614.5000000;  0.9728051263;  12.45057735
615.5000000;  0.9715093513;  12.51346745
616.5000000;  0.9722420854;  12.57660966
617.5000000;  0.9725769055;  12.63997869
618.5000000;  0.9726054991;  12.70355500
619.5000000;  0.9715422629;  12.76726733
620.5000000;  0.9708700897;  12.83114129
621.5000000;  0.9702142170;  12.89517801
622.5000000;  0.9696563473;  12.95938403
623.5000000;  0.9711190674;  13.02389367
624.5000000;  0.9709571505;  13.08859960
625.5000000;  0.9690623246;  13.15338625
626.5000000;  0.9693113444;  13.21839692
627.5000000;  0.9695485668;  13.28363125
628.5000000;  0.9691939120;  13.34904972
629.5000000;  0.9692686977;  13.41468160
630.5000000;  0.9687712396;  13.48048837
631.5000000;  0.9696293527;  13.54656253
632.5000000;  0.9690516154;  13.61280662
633.5000000;  0.9690148627;  13.67925783
634.5000000;  0.9682016367;  13.74586304
635.5000000;  0.9688794661;  13.81272515
636.5000000;  0.9680086140;  13.87973755
637.5000000;  0.9679806939;  13.94695875
638.5000000;  0.9680640809;  14.01439681
639.5000000;  0.9680780180;  14.08204725
640.5000000;  0.9683785310;  14.14993050
641.5000000;  0.9679304811;  14.21799437
642.5000000;  0.9688136754;  14.28633291
643.5000000;  0.9677955184;  14.35481230
644.5000000;  0.9693211068;  14.42361297
645.5000000;  0.9699431830;  14.49267160
646.5000000;  0.9693634938;  14.56190297
647.5000000;  0.9688383594;  14.63131105
648.5000000;  0.9706351726;  14.70106281
649.5000000;  0.9700373987;  14.77098676
650.5000000;  0.9699575489;  14.84112042
651.5000000;  0.9709439429;  14.91154141
652.5000000;  0.9714682267;  14.98221690
653.5000000;  0.9704256248;  15.05303310
654.5000000;  0.9715273096;  15.12414683
655.5000000;  0.9719089619;  15.19550606
656.5000000;  0.9724988850;  15.26712663
657.5000000;  0.9723662826;  15.33895575
658.5000000;  0.9731191076;  15.41105931
659.5000000;  0.9735065264;  15.48341083
660.5000000;  0.9731724132;  15.55595702
661.5000000;  0.9743801812;  15.62881335
662.5000000;  0.9748036785;  15.70192189
663.5000000;  0.9746440221;  15.77523929
664.5000000;  0.9751540844;  15.84881634
665.5000000;  0.9748386001;  15.92259113
666.5000000;  0.9763723806;  15.99670423
667.5000000;  0.9772992905;  16.07111046
668.5000000;  0.9771145377;  16.14572568
669.5000000;  0.9767870833;  16.22053923
670.5000000;  0.9787306697;  16.29572574
671.5000000;  0.9796542212;  16.37120784
672.5000000;  0.9801402096;  16.44695249
673.5000000;  0.9809817211;  16.52298779
674.5000000;  0.9818614457;  16.59931745
675.5000000;  0.9812020351;  16.67582218
676.5000000;  0.9817142831;  16.75259365
677.5000000;  0.9824239749;  16.82964792
678.5000000;  0.9827903595;  16.90695865
679.5000000;  0.9836896377;  16.98456838
680.5000000;  0.9835757063;  17.06239770
681.5000000;  0.9850036137;  17.14056925
682.5000000;  0.9854426747;  17.21900532
683.5000000;  0.9855800729;  17.29768238
684.5000000;  0.9857272112;  17.37660160
685.5000000;  0.9874306039;  17.45588836
686.5000000;  0.9862106474;  17.53530837
687.5000000;  0.9875861595;  17.61507102
688.5000000;  0.9891298839;  17.69519091
689.5000000;  0.9882920316;  17.77547565
690.5000000;  0.9898590946;  17.85612111
691.5000000;  0.9906536902;  17.93706524
692.5000000;  0.9914470926;  18.01830867
693.5000000;  0.9917534648;  18.09981209
694.5000000;  0.9928829633;  18.18164382
695.5000000;  0.9933903208;  18.26375331
696.5000000;  0.9944667801;  18.34618831
697.5000000;  0.9948313890;  18.42889051
698.5000000;  0.9950963264;  18.51185211
699.5000000;  0.9961042154;  18.59513569
700.5000000;  0.9960212620;  18.67865060
701.5000000;  0.9976966864;  18.76254502
702.5000000;  0.9981368352;  18.84671590
703.5000000;  0.9983223999;  18.93114228
704.5000000;  0.9985728360;  19.01583009
705.5000000;  0.9995555910;  19.10084208
706.5000000;  0.9988740141;  19.18603710
707.5000000;  0.9998623460;  19.27155800
708.5000000;  1.000054183;  19.35733728
709.5000000;  1.000920252;  19.44343337
710.5000000;  1.001492747;  19.52982171
711.5000000;  1.002456594;  19.61653677
712.5000000;  1.002843194;  19.70352929
713.5000000;  1.003748236;  19.79084490
714.5000000;  1.003417746;  19.87837661
715.5000000;  1.003811927;  19.96618799
716.5000000;  1.004670040;  20.05432027
717.5000000;  1.004891964;  20.14271824
718.5000000;  1.006118680;  20.23147101
719.5000000;  1.006309524;  20.32048789
720.5000000;  1.005822966;  20.40970921
721.5000000;  1.007598994;  20.49933636
722.5000000;  1.007460539;  20.58919977
723.5000000;  1.007431288;  20.67930949
724.5000000;  1.008790374;  20.76979038
725.5000000;  1.009034524;  20.86054318
726.5000000;  1.009360334;  20.95157571
727.5000000;  1.008713400;  21.04280051
728.5000000;  1.010428400;  21.13443180
729.5000000;  1.010386707;  21.22631104
730.5000000;  1.010473523;  21.31845026
731.5000000;  1.011057194;  21.41089528
732.5000000;  1.011708269;  21.50365293
733.5000000;  1.012703614;  21.59675551
734.5000000;  1.011417487;  21.68999357
735.5000000;  1.011378962;  21.78348212
736.5000000;  1.011738996;  21.87725843
737.5000000;  1.012645977;  21.97137386
738.5000000;  1.013240829;  22.06580013
739.5000000;  1.013032030;  22.16046279
740.5000000;  1.012694876;  22.25535004
741.5000000;  1.013106378;  22.35053241
742.5000000;  1.013675275;  22.44602528
743.5000000;  1.013332160;  22.54174312
744.5000000;  1.013862273;  22.63776883
745.5000000;  1.013423041;  22.73401096
746.5000000;  1.014062407;  22.83057234
747.5000000;  1.013485273;  22.92733749
748.5000000;  1.014144745;  23.02442485
749.5000000;  1.013705381;  23.12172963
750.5000000;  1.014172423;  23.21933919
751.5000000;  1.013457104;  23.31714001
752.5000000;  1.014688231;  23.41532040
753.5000000;  1.014730776;  23.51376604
754.5000000;  1.015219742;  23.61252073
755.5000000;  1.015061554;  23.71152193
756.5000000;  1.014525851;  23.81073300
757.5000000;  1.014583803;  23.91021221
758.5000000;  1.014525415;  24.00994851
759.5000000;  1.014622185;  24.10995750
760.5000000;  1.015276726;  24.21029471
761.5000000;  1.015271252;  24.31089542
762.5000000;  1.014768303;  24.41171056
763.5000000;  1.014953400;  24.51280874
764.5000000;  1.014855793;  24.61416217
765.5000000;  1.014961361;  24.71579150
766.5000000;  1.014651879;  24.81765545
767.5000000;  1.015486967;  24.91986942
768.5000000;  1.014144682;  25.02221446
769.5000000;  1.015043466;  25.12491697
770.5000000;  1.014015594;  25.22778231
771.5000000;  1.013887879;  25.33090184
772.5000000;  1.013774093;  25.43427727
773.5000000;  1.014566795;  25.53800155
774.5000000;  1.015332409;  25.64207267
775.5000000;  1.014312266;  25.74630787
776.5000000;  1.014152644;  25.85079563
777.5000000;  1.014609178;  25.95559984
778.5000000;  1.014842076;  26.06069793
779.5000000;  1.014273684;  26.16600719
780.5000000;  1.013675846;  26.27152458
781.5000000;  1.013759128;  26.37732122
782.5000000;  1.014127335;  26.48342732
783.5000000;  1.013511685;  26.58974020
784.5000000;  1.012710192;  26.69624035
785.5000000;  1.013640028;  26.80311022
786.5000000;  1.013727444;  26.91026161
787.5000000;  1.014099660;  27.01772509
788.5000000;  1.013453909;  27.12539306
789.5000000;  1.013777063;  27.23336872
790.5000000;  1.013561129;  27.34159503
791.5000000;  1.012789943;  27.45001277
792.5000000;  1.012317074;  27.55865390
793.5000000;  1.012612291;  27.66760113
794.5000000;  1.012021997;  27.77675946
795.5000000;  1.012598359;  27.88625508
796.5000000;  1.012736607;  27.99604114
797.5000000;  1.011724084;  28.10599301
798.5000000;  1.012861735;  28.21634474
799.5000000;  1.013029026;  28.32699131
800.5000000;  1.013058385;  28.43791806
801.5000000;  1.012620809;  28.54907409
802.5000000;  1.011584888;  28.66039367
803.5000000;  1.011102168;  28.77193760
804.5000000;  1.011825703;  28.88383937
805.5000000;  1.012032640;  28.99604244
806.5000000;  1.010778305;  29.10838487
807.5000000;  1.011752744;  29.22111463
808.5000000;  1.011716721;  29.33411975
809.5000000;  1.011861841;  29.44742083
810.5000000;  1.011696992;  29.56098351
811.5000000;  1.011365316;  29.67478927
812.5000000;  1.011446975;  29.78888490
813.5000000;  1.011627850;  29.90328200
814.5000000;  1.010891303;  30.01787703
815.5000000;  1.011546034;  30.13282802
816.5000000;  1.010755583;  30.24797106
817.5000000;  1.010243329;  30.36333781
818.5000000;  1.010055908;  30.47896551
819.5000000;  1.009954879;  30.59486434
820.5000000;  1.009785319;  30.71102668
821.5000000;  1.009933977;  30.82748949
822.5000000;  1.009926605;  30.94423515
823.5000000;  1.009546418;  31.06122082
824.5000000;  1.009740688;  31.17851333
825.5000000;  1.009190629;  31.29602649
826.5000000;  1.009786992;  31.41389414
827.5000000;  1.008749405;  31.53192578
828.5000000;  1.009431022;  31.65032281
829.5000000;  1.010007834;  31.76907364
830.5000000;  1.008647960;  31.88795070
831.5000000;  1.009220370;  32.00718182
832.5000000;  1.009043848;  32.12667900
833.5000000;  1.009135443;  32.24647431
834.5000000;  1.009013725;  32.36654276
835.5000000;  1.008808569;  32.48687467
836.5000000;  1.008634078;  32.60747393
837.5000000;  1.008061306;  32.72829306
838.5000000;  1.008282097;  32.84942742
839.5000000;  1.008252038;  32.97084726
840.5000000;  1.008474882;  33.09258343
841.5000000;  1.008042571;  33.21455715
842.5000000;  1.008285526;  33.33685040
843.5000000;  1.007797306;  33.45937477
844.5000000;  1.007623798;  33.58216869
845.5000000;  1.007043237;  33.70518267
846.5000000;  1.007869803;  33.82858902
847.5000000;  1.007057001;  33.95218735
848.5000000;  1.007798917;  34.07616880
849.5000000;  1.008225547;  34.20049527
850.5000000;  1.006740644;  34.32493108
851.5000000;  1.007107105;  34.44970508
852.5000000;  1.007364466;  34.57480428
853.5000000;  1.007367353;  34.70019750
854.5000000;  1.006973076;  34.82583553
855.5000000;  1.005767080;  34.95161698
856.5000000;  1.006452453;  35.07777856
857.5000000;  1.006168834;  35.20419928
858.5000000;  1.006969876;  35.33101591
859.5000000;  1.006484152;  35.45806683
860.5000000;  1.006453944;  35.58540975
861.5000000;  1.007022593;  35.71312093
862.5000000;  1.006970259;  35.84112211
863.5000000;  1.006745202;  35.96939161
864.5000000;  1.006055275;  36.09787026
865.5000000;  1.006093573;  36.22665122
866.5000000;  1.005827566;  36.35569581
867.5000000;  1.006052375;  36.48506733
868.5000000;  1.006230026;  36.61476018
869.5000000;  1.006139091;  36.74474012
870.5000000;  1.006040852;  36.87500649
871.5000000;  1.006249026;  37.00559934
872.5000000;  1.005916206;  37.13644876
873.5000000;  1.005875256;  37.26759295
874.5000000;  1.005601280;  37.39900179
875.5000000;  1.005998974;  37.53076343
876.5000000;  1.006290854;  37.66286454
877.5000000;  1.006170311;  37.79525140
878.5000000;  1.005676060;  37.92787499
879.5000000;  1.006191586;  38.06086883
880.5000000;  1.005782155;  38.19411102
881.5000000;  1.004978592;  38.32754934
882.5000000;  1.005866054;  38.46140869
883.5000000;  1.005289049;  38.59549462
884.5000000;  1.005536042;  38.72991726
885.5000000;  1.005223686;  38.86460219
886.5000000;  1.006040287;  38.99970114
887.5000000;  1.006016393;  39.13510184
888.5000000;  1.005578014;  39.27074870
889.5000000;  1.006275553;  39.40679539
890.5000000;  1.006164406;  39.54313308
891.5000000;  1.005569649;  39.67969637
892.5000000;  1.005325360;  39.81653295
893.5000000;  1.004744747;  39.95359714
894.5000000;  1.004642947;  40.09095438
895.5000000;  1.005518928;  40.22873894
896.5000000;  1.006296913;  40.36693824
897.5000000;  1.006081472;  40.50541638
898.5000000;  1.006316677;  40.64423571
899.5000000;  1.005963153;  40.78331535
900.5000000;  1.005264962;  40.92260764
901.5000000;  1.005390858;  41.06222697
902.5000000;  1.006228687;  41.20227282
903.5000000;  1.006470443;  41.34266291
904.5000000;  1.005237566;  41.48319160
905.5000000;  1.005733978;  41.62410073
906.5000000;  1.006423858;  41.76541814
907.5000000;  1.006018936;  41.90699053
908.5000000;  1.005823897;  42.04884759
909.5000000;  1.005557001;  42.19097938
910.5000000;  1.005195329;  42.33337266
911.5000000;  1.005307456;  42.47609481
912.5000000;  1.005890431;  42.61921323
913.5000000;  1.005069560;  42.76252846
914.5000000;  1.005976640;  42.90628726
915.5000000;  1.005320293;  43.05026664
916.5000000;  1.005749577;  43.19462233
917.5000000;  1.006175926;  43.33935454
918.5000000;  1.005651066;  43.48432676
919.5000000;  1.005442733;  43.62958471
920.5000000;  1.005358586;  43.77514661
921.5000000;  1.005365654;  43.92102597
922.5000000;  1.004996625;  44.06716845
923.5000000;  1.005300454;  44.21367222
924.5000000;  1.005371949;  44.36050389
925.5000000;  1.005222461;  44.50763149
926.5000000;  1.005294758;  44.65508781
927.5000000;  1.006157101;  44.80298937
928.5000000;  1.005941148;  44.95117822
929.5000000;  1.005671984;  45.09964670
930.5000000;  1.004993091;  45.24833437
931.5000000;  1.005182259;  45.39736985
932.5000000;  1.005347165;  45.54674999
933.5000000;  1.005403751;  45.69645911
934.5000000;  1.005541969;  45.84650978
935.5000000;  1.005109757;  45.99681712
936.5000000;  1.005621362;  46.14752265
937.5000000;  1.004660385;  46.29840588
938.5000000;  1.004771993;  46.44962795
939.5000000;  1.003914127;  46.60104308
940.5000000;  1.004508181;  46.75287050
941.5000000;  1.005441110;  46.90516226
942.5000000;  1.004954445;  47.05770383
943.5000000;  1.005143323;  47.21059800
944.5000000;  1.005429043;  47.36386000
945.5000000;  1.004729265;  47.51733980
946.5000000;  1.004949130;  47.67117809
947.5000000;  1.004370052;  47.82525279
948.5000000;  1.004416165;  47.97965996
949.5000000;  1.004634407;  48.13442652
950.5000000;  1.004710716;  48.28953102
951.5000000;  1.004972628;  48.44500257
952.5000000;  1.003894375;  48.60063393
953.5000000;  1.003676554;  48.75655841
954.5000000;  1.003719816;  48.91281685
955.5000000;  1.003727996;  49.06940416
956.5000000;  1.003309081;  49.22625390
957.5000000;  1.003424274;  49.38344983
958.5000000;  1.003812272;  49.54103519
959.5000000;  1.002925413;  49.69881001
960.5000000;  1.003794420;  49.85705088
961.5000000;  1.003728304;  50.01561096
962.5000000;  1.003455561;  50.17445786
963.5000000;  1.002703065;  50.33351564
964.5000000;  1.003455709;  50.49302339
965.5000000;  1.003702193;  50.65290133
966.5000000;  1.002743287;  50.81295757
967.5000000;  1.002823364;  50.97335800
968.5000000;  1.003018777;  51.13412149
969.5000000;  1.003144545;  51.29523734
970.5000000;  1.002623113;  51.45660181
971.5000000;  1.001887791;  51.61818040
972.5000000;  1.001848556;  51.78008546
973.5000000;  1.002383182;  51.94241023
974.5000000;  1.002696809;  52.10511956
975.5000000;  1.001728439;  52.26800552
976.5000000;  1.002070239;  52.43128131
977.5000000;  1.002592688;  52.59497698
978.5000000;  1.001709026;  52.75886317
979.5000000;  1.001661672;  52.92307675
980.5000000;  1.002762521;  53.08780664
981.5000000;  1.001726172;  53.25270212
982.5000000;  1.001424972;  53.41788409
983.5000000;  1.001781988;  53.58346150
984.5000000;  1.001589593;  53.74934392
985.5000000;  1.001401088;  53.91553222
986.5000000;  1.001368055;  54.08205246
987.5000000;  1.001486146;  54.24893015
988.5000000;  1.001190648;  54.41609665
989.5000000;  1.001400120;  54.58363659
990.5000000;  1.001638473;  54.75155530
991.5000000;  1.001772228;  54.91983570
992.5000000;  1.001254122;  55.08836851
993.5000000;  1.000623220;  55.25713470
994.5000000;  1.001163873;  55.42633217
995.5000000;  1.001776921;  55.59597389
996.5000000;  1.001106284;  55.76584281
997.5000000;  1.000480110;  55.93594636
998.5000000;  1.000467499;  56.10638900
999.5000000;  1.001199228;  56.27729811
1000.500000;  1.000291761;  56.44839417
1001.500000;  1.000435690;  56.61985708
1002.500000;  1.000425082;  56.79166076
1003.500000;  1.000093754;  56.96375035
1004.500000;  1.000474165;  57.13624867
1005.500000;  0.9997440086;  57.30896448
1006.500000;  1.000668804;  57.48218408
1007.500000;  1.000294258;  57.65568309
1008.500000;  1.000343223;  57.82953520
1009.500000;  1.000214971;  58.00370992
1010.500000;  0.9998749087;  58.17817054
1011.500000;  1.000301934;  58.35305129
1012.500000;  1.000066911;  58.52823682
1013.500000;  0.9999285101;  58.70374428
1014.500000;  0.9993600077;  58.87949827
1015.500000;  1.000452171;  59.05579137
1016.500000;  1.000020950;  59.23235570
1017.500000;  1.000384551;  59.40933193
1018.500000;  0.9997594558;  59.58654539
1019.500000;  0.9993853022;  59.76404056
1020.500000;  0.9998064629;  59.94195905
1021.500000;  0.9993846065;  60.12015118
1022.500000;  0.9992283177;  60.29866444
1023.500000;  0.9997596106;  60.47762214
1024.500000;  0.9997104968;  60.65692091
1025.500000;  0.9997036016;  60.83656862
1026.500000;  0.9995104709;  61.01653210
1027.500000;  0.9993192974;  61.19681189
1028.500000;  0.9995942919;  61.37749248
1029.500000;  0.9993216767;  61.55847520
1030.500000;  0.9992470703;  61.73979616
1031.500000;  0.9987779699;  61.92138390
1032.500000;  0.9994995002;  62.10345534
1033.500000;  0.9994634459;  62.28587305
1034.500000;  0.9993862485;  62.46862982
1035.500000;  0.9987343894;  62.65162065
1036.500000;  0.9992777557;  62.83506484
1037.500000;  0.9991321285;  63.01883638
1038.500000;  0.9990649973;  63.20294997
1039.500000;  0.9989455016;  63.38739625
1040.500000;  0.9984566827;  63.57210715
1041.500000;  0.9987296112;  63.75722385
1042.500000;  0.9989013132;  63.94272808
1043.500000;  0.9990585583;  64.12861763
1044.500000;  0.9990115431;  64.31485486
1045.500000;  0.9995806107;  64.50155516
1046.500000;  0.9992402520;  64.68854909
1047.500000;  0.9992405278;  64.87590061
1048.500000;  0.9980675152;  65.06338966
1049.500000;  0.9984170680;  65.25130230
1050.500000;  0.9992039809;  65.43972160
1051.500000;  0.9985493412;  65.62837611
1052.500000;  0.9985537361;  65.81739046
1053.500000;  0.9987502993;  66.00680143
1054.500000;  0.9991237592;  66.19664311
1055.500000;  0.9988257630;  66.38678829
1056.500000;  0.9987327387;  66.57727620
1057.500000;  0.9990903332;  66.76819321
1058.500000;  0.9990586054;  66.95946539
1059.500000;  0.9989468126;  67.15107769
1060.500000;  0.9989459226;  67.34305171
1061.500000;  0.9992978174;  67.53545569
1062.500000;  0.9985051769;  67.72806945
1063.500000;  0.9982628457;  67.92099912
1064.500000;  0.9983016419;  68.11429928
1065.500000;  0.9989225583;  68.30808325
1066.500000;  0.9995593266;  68.50235489
1067.500000;  0.9984552676;  68.69677604
1068.500000;  0.9988827250;  68.89164500
1069.500000;  0.9982806103;  69.08676120
1070.500000;  0.9986210563;  69.28230911
1071.500000;  0.9990835925;  69.47831327
1072.500000;  0.9989113421;  69.67464960
1073.500000;  0.9990798539;  69.87138541
1074.500000;  0.9992137115;  70.06851433
1075.500000;  0.9994558971;  70.26605821
1076.500000;  0.9991941603;  70.46391778
1077.500000;  0.9994392488;  70.66219375
1078.500000;  0.9989583523;  70.86074233
1079.500000;  0.9988506334;  71.05963783
1080.500000;  0.9991862961;  71.25896896
1081.500000;  0.9988585297;  71.45860372
1082.500000;  0.9983374136;  71.65850348
1083.500000;  0.9984836781;  71.85880208
1084.500000;  0.9992402597;  72.05962263
1085.500000;  0.9986297762;  72.26069078
1086.500000;  0.9989474897;  72.46219365
1087.500000;  0.9982912151;  72.66393498
1088.500000;  0.9986707197;  72.86612434
1089.500000;  0.9994232124;  73.06883800
1090.500000;  0.9992601768;  73.27189083
1091.500000;  0.9992009719;  73.47530417
1092.500000;  0.9987689857;  73.67900231
1093.500000;  0.9984338006;  73.88300503
1094.500000;  0.9984526189;  74.08738490
1095.500000;  0.9991622842;  74.29228393
1096.500000;  0.9985122380;  74.49742366
1097.500000;  0.9982749670;  74.70288890
1098.500000;  0.9990473552;  74.90888799
1099.500000;  0.9991954172;  75.11529290
1100.500000;  0.9984251502;  75.32191402
1101.500000;  0.9986296670;  75.52895322
1102.500000;  0.9988197020;  75.73640799
1103.500000;  0.9992713449;  75.94433323
1104.500000;  0.9992300203;  76.15262688
1105.500000;  0.9992063938;  76.36129294
1106.500000;  0.9996322740;  76.57042577
1107.500000;  0.9995395508;  76.77991735
1108.500000;  0.9992957061;  76.98973621
1109.500000;  0.9990267396;  77.19987723
1110.500000;  0.9994231713;  77.41048077
1111.500000;  0.9995752237;  77.62149587
1112.500000;  0.9993191868;  77.83283668
1113.500000;  0.9995742418;  78.04461164
1114.500000;  0.9989582918;  78.25663642
1115.500000;  0.9987801125;  78.46900397
1116.500000;  0.9992043826;  78.68184281
1117.500000;  0.9988442442;  78.89498624
1118.500000;  0.9991470611;  79.10857604
1119.500000;  0.9998904538;  79.32270713
1120.500000;  0.9992352208;  79.53708037
1121.500000;  0.9993111777;  79.75185274
1122.500000;  0.9997350129;  79.96709955
1123.500000;  0.9996252932;  80.18270637
1124.500000;  0.9993950541;  80.39864743
1125.500000;  0.9995013763;  80.61499574
1126.500000;  0.9999089172;  80.83181704
1127.500000;  0.9993986029;  81.04891261
1128.500000;  0.9990019593;  81.26630712
1129.500000;  0.9993724147;  81.48416785
1130.500000;  0.9992509849;  81.70238799
1131.500000;  0.9996857727;  81.92108948
1132.500000;  0.9989723477;  82.14002135
1133.500000;  0.9992785900;  82.35940727
1134.500000;  0.9994796587;  82.57922467
1135.500000;  0.9992807419;  82.79938594
1136.500000;  0.9998796231;  83.02006733
1137.500000;  0.9995830830;  83.24107167
1138.500000;  0.9996445991;  83.46247840
1139.500000;  0.9992521019;  83.68418715
1140.500000;  0.9995808904;  83.90635829
1141.500000;  0.9999761048;  84.12900720
1142.500000;  0.9998985900;  84.35202908
1143.500000;  0.9991348458;  84.57527090
1144.500000;  0.9995244247;  84.79899055
1145.500000;  0.9998940983;  85.02318419
1146.500000;  0.9995078302;  85.24768269
1147.500000;  0.9995944577;  85.47259247
1148.500000;  0.9990529379;  85.69777236
1149.500000;  0.9992302514;  85.92338459
1150.500000;  0.9994579546;  86.14944103
1151.500000;  0.9992223282;  86.37583723
1152.500000;  0.9995317115;  86.60269703
1153.500000;  0.9992269017;  86.82988139
1154.500000;  0.9994204027;  87.05750390
1155.500000;  0.9998540099;  87.28561982
1156.500000;  0.9999748703;  87.51415837
1157.500000;  0.9997778158;  87.74304721
1158.500000;  0.9994102206;  87.97224740
1159.500000;  0.9997817509;  88.20192880
1160.500000;  0.9999650871;  88.43204873
1161.500000;  0.9995183546;  88.66246244
1162.500000;  0.9998065308;  88.89333961
1163.500000;  0.9997248922;  89.12459529
1164.500000;  0.9994153341;  89.35617692
1165.500000;  0.9995976497;  89.58819877
1166.500000;  0.9989369262;  89.82046532
1167.500000;  0.9991259186;  90.05317428
1168.500000;  0.9992730369;  90.28631639
1169.500000;  0.9989814532;  90.51978956
1170.500000;  0.9996624219;  90.75382160
1171.500000;  1.000137565;  90.98836512
1172.500000;  0.9996406477;  91.22319249
1173.500000;  0.9993043137;  91.45834145
1174.500000;  0.9998686192;  91.69402436
1175.500000;  0.9998223463;  91.93009785
1176.500000;  0.9995373950;  92.16650577
1177.500000;  0.9987616054;  92.40313194
1178.500000;  0.9991424871;  92.64025059
1179.500000;  0.9992619085;  92.87780021
1180.500000;  0.9991309612;  93.11572161
1181.500000;  0.9986256441;  93.35392573
1182.500000;  0.9987577924;  93.59256482
1183.500000;  0.9989523399;  93.83165427
1184.500000;  0.9992610859;  94.07122194
1185.500000;  0.9993685184;  94.31122009
1186.500000;  0.9995128516;  94.55165802
1187.500000;  0.9991256423;  94.79240811
1188.500000;  0.9986532919;  95.03344983
1189.500000;  0.9992374519;  95.27503858
1190.500000;  0.9992143462;  95.51702810
1191.500000;  0.9985969786;  95.75927457
1192.500000;  0.9986395674;  96.00193818
1193.500000;  0.9981503908;  96.24488988
1194.500000;  0.9990650819;  96.48847188
1195.500000;  0.9986302648;  96.73235570
1196.500000;  0.9988779791;  96.97670830
1197.500000;  0.9981794091;  97.22129834
1198.500000;  0.9985594969;  97.46639033
1199.500000;  0.9985208711;  97.71188200
